<?xml version='1.0' encoding='UTF-8'?>
<!DOCTYPE hibernate-configuration PUBLIC
          "-//Hibernate/Hibernate Configuration DTD 3.0//EN"
          "http://hibernate.sourceforge.net/hibernate-configuration-3.0.dtd">
<!-- Generated by MyEclipse Hibernate Tools.                   -->
<hibernate-configuration>

	<session-factory>
		<property name="myeclipse.connection.profile">
			StorageSystem
		</property>
		<property name="connection.url">
			jdbc:mysql://localhost:3306/storage?user=root&amp;password=1234
		</property>
		<property name="connection.username">root</property>
		<property name="connection.password">1234</property>
		<property name="connection.driver_class">
			com.mysql.jdbc.Driver
		</property>
		<property name="dialect">
			org.hibernate.dialect.MySQLDialect
		</property>
		<mapping resource="Object/Storage.hbm.xml" />
		<mapping resource="Object/Goods.hbm.xml" />
		<mapping resource="Object/Plan.hbm.xml" />

	</session-factory>

</hibernate-configuration>