<?xml version="1.0" encoding="utf-8"?>
<!DOCTYPE hibernate-mapping PUBLIC "-//Hibernate/Hibernate Mapping DTD 3.0//EN"
"http://hibernate.sourceforge.net/hibernate-mapping-3.0.dtd">
<!-- 
    Mapping file autogenerated by MyEclipse Persistence Tools
-->
<hibernate-mapping>
    <class name="Object.Storage" table="storage" catalog="storage">
        <id name="goodsid" type="java.lang.String">
            <column name="goodsid" length="45" />
            <generator class="assigned" />
        </id>
        <property name="number" type="java.lang.Integer">
            <column name="number" not-null="true" />
        </property>
        <property name="max" type="java.lang.Integer">
            <column name="max" not-null="true" />
        </property>
        <property name="storagecol" type="java.lang.String">
            <column name="storagecol" length="45" not-null="true" />
        </property>
    </class>
</hibernate-mapping>
